--------------------------------------------------------
--  파일이 생성됨 - 화요일-2월-06-2024   
--------------------------------------------------------
--------------------------------------------------------
--  DDL for Table MINI_CART
--------------------------------------------------------

  CREATE TABLE "SYSTEM"."MINI_CART" 
   (	"USERID" VARCHAR2(20 BYTE), 
	"PRODUCTID" NUMBER, 
	"QUANTITY" NUMBER, 
	"TOTALAMOUNT" NUMBER
   ) PCTFREE 10 PCTUSED 40 INITRANS 1 MAXTRANS 255 
 NOCOMPRESS LOGGING
  STORAGE(INITIAL 65536 NEXT 1048576 MINEXTENTS 1 MAXEXTENTS 2147483645
  PCTINCREASE 0 FREELISTS 1 FREELIST GROUPS 1
  BUFFER_POOL DEFAULT FLASH_CACHE DEFAULT CELL_FLASH_CACHE DEFAULT)
  TABLESPACE "SYSTEM" ;
--------------------------------------------------------
--  DDL for Table MINI_ORDER
--------------------------------------------------------

  CREATE TABLE "SYSTEM"."MINI_ORDER" 
   (	"ORDERID" NUMBER, 
	"USERID" VARCHAR2(20 BYTE), 
	"ORDERDATE" DATE, 
	"TOTALAMOUNT" NUMBER
   ) PCTFREE 10 PCTUSED 40 INITRANS 1 MAXTRANS 255 
 NOCOMPRESS LOGGING
  STORAGE(INITIAL 65536 NEXT 1048576 MINEXTENTS 1 MAXEXTENTS 2147483645
  PCTINCREASE 0 FREELISTS 1 FREELIST GROUPS 1
  BUFFER_POOL DEFAULT FLASH_CACHE DEFAULT CELL_FLASH_CACHE DEFAULT)
  TABLESPACE "SYSTEM" ;
--------------------------------------------------------
--  DDL for Table MINI_ORDERDETAIL
--------------------------------------------------------

  CREATE TABLE "SYSTEM"."MINI_ORDERDETAIL" 
   (	"ORDERID" NUMBER, 
	"PRODUCTID" NUMBER, 
	"QUANTITY" NUMBER, 
	"PRICE" NUMBER, 
	"SUBTOTAL" NUMBER
   ) PCTFREE 10 PCTUSED 40 INITRANS 1 MAXTRANS 255 
 NOCOMPRESS LOGGING
  STORAGE(INITIAL 65536 NEXT 1048576 MINEXTENTS 1 MAXEXTENTS 2147483645
  PCTINCREASE 0 FREELISTS 1 FREELIST GROUPS 1
  BUFFER_POOL DEFAULT FLASH_CACHE DEFAULT CELL_FLASH_CACHE DEFAULT)
  TABLESPACE "SYSTEM" ;
--------------------------------------------------------
--  DDL for Table MINI_PRODUCT
--------------------------------------------------------

  CREATE TABLE "SYSTEM"."MINI_PRODUCT" 
   (	"PRODUCTID" NUMBER, 
	"PRODUCTNAME" VARCHAR2(255 BYTE), 
	"PRICE" NUMBER, 
	"STOCKQUANTITY" NUMBER
   ) PCTFREE 10 PCTUSED 40 INITRANS 1 MAXTRANS 255 
 NOCOMPRESS LOGGING
  STORAGE(INITIAL 65536 NEXT 1048576 MINEXTENTS 1 MAXEXTENTS 2147483645
  PCTINCREASE 0 FREELISTS 1 FREELIST GROUPS 1
  BUFFER_POOL DEFAULT FLASH_CACHE DEFAULT CELL_FLASH_CACHE DEFAULT)
  TABLESPACE "SYSTEM" ;
--------------------------------------------------------
--  DDL for Table MINI_USER
--------------------------------------------------------

  CREATE TABLE "SYSTEM"."MINI_USER" 
   (	"USERID" VARCHAR2(20 BYTE), 
	"USERNAME" VARCHAR2(255 BYTE), 
	"PASSWORD" VARCHAR2(255 BYTE), 
	"EMAIL" VARCHAR2(255 BYTE), 
	"ADDRESS" VARCHAR2(255 BYTE), 
	"PHONE" VARCHAR2(20 BYTE), 
	"STATUS" VARCHAR2(20 BYTE)
   ) PCTFREE 10 PCTUSED 40 INITRANS 1 MAXTRANS 255 
 NOCOMPRESS LOGGING
  STORAGE(INITIAL 65536 NEXT 1048576 MINEXTENTS 1 MAXEXTENTS 2147483645
  PCTINCREASE 0 FREELISTS 1 FREELIST GROUPS 1
  BUFFER_POOL DEFAULT FLASH_CACHE DEFAULT CELL_FLASH_CACHE DEFAULT)
  TABLESPACE "SYSTEM" ;
REM INSERTING into SYSTEM.MINI_CART
SET DEFINE OFF;
Insert into SYSTEM.MINI_CART (USERID,PRODUCTID,QUANTITY,TOTALAMOUNT) values ('user005',2,2,3000);
Insert into SYSTEM.MINI_CART (USERID,PRODUCTID,QUANTITY,TOTALAMOUNT) values ('user004',3,5,6000);
Insert into SYSTEM.MINI_CART (USERID,PRODUCTID,QUANTITY,TOTALAMOUNT) values ('user005',5,3,1500);
Insert into SYSTEM.MINI_CART (USERID,PRODUCTID,QUANTITY,TOTALAMOUNT) values ('user005',3,3,3600);
REM INSERTING into SYSTEM.MINI_ORDER
SET DEFINE OFF;
Insert into SYSTEM.MINI_ORDER (ORDERID,USERID,ORDERDATE,TOTALAMOUNT) values (9,'user001',to_date('24/02/05','RR/MM/DD'),1000);
Insert into SYSTEM.MINI_ORDER (ORDERID,USERID,ORDERDATE,TOTALAMOUNT) values (8,'user003',to_date('24/02/05','RR/MM/DD'),1000);
Insert into SYSTEM.MINI_ORDER (ORDERID,USERID,ORDERDATE,TOTALAMOUNT) values (7,'user001',to_date('24/02/05','RR/MM/DD'),22600);
Insert into SYSTEM.MINI_ORDER (ORDERID,USERID,ORDERDATE,TOTALAMOUNT) values (10,'user006',to_date('24/02/05','RR/MM/DD'),5000);
Insert into SYSTEM.MINI_ORDER (ORDERID,USERID,ORDERDATE,TOTALAMOUNT) values (11,'user006',to_date('24/02/05','RR/MM/DD'),1000);
Insert into SYSTEM.MINI_ORDER (ORDERID,USERID,ORDERDATE,TOTALAMOUNT) values (22,'user001',to_date('24/02/06','RR/MM/DD'),13200);
Insert into SYSTEM.MINI_ORDER (ORDERID,USERID,ORDERDATE,TOTALAMOUNT) values (15,'user006',to_date('24/02/05','RR/MM/DD'),4000);
Insert into SYSTEM.MINI_ORDER (ORDERID,USERID,ORDERDATE,TOTALAMOUNT) values (19,'user006',to_date('24/02/05','RR/MM/DD'),5000);
Insert into SYSTEM.MINI_ORDER (ORDERID,USERID,ORDERDATE,TOTALAMOUNT) values (20,'user006',to_date('24/02/05','RR/MM/DD'),60);
Insert into SYSTEM.MINI_ORDER (ORDERID,USERID,ORDERDATE,TOTALAMOUNT) values (21,'user001',to_date('24/02/06','RR/MM/DD'),19000);
Insert into SYSTEM.MINI_ORDER (ORDERID,USERID,ORDERDATE,TOTALAMOUNT) values (23,'user006',to_date('24/02/06','RR/MM/DD'),1400);
Insert into SYSTEM.MINI_ORDER (ORDERID,USERID,ORDERDATE,TOTALAMOUNT) values (24,'user001',to_date('24/02/06','RR/MM/DD'),2200);
Insert into SYSTEM.MINI_ORDER (ORDERID,USERID,ORDERDATE,TOTALAMOUNT) values (25,'user001',to_date('24/02/06','RR/MM/DD'),7000);
Insert into SYSTEM.MINI_ORDER (ORDERID,USERID,ORDERDATE,TOTALAMOUNT) values (26,'user001',to_date('24/02/06','RR/MM/DD'),1000);
Insert into SYSTEM.MINI_ORDER (ORDERID,USERID,ORDERDATE,TOTALAMOUNT) values (27,'user007',to_date('24/02/06','RR/MM/DD'),12500);
REM INSERTING into SYSTEM.MINI_ORDERDETAIL
SET DEFINE OFF;
Insert into SYSTEM.MINI_ORDERDETAIL (ORDERID,PRODUCTID,QUANTITY,PRICE,SUBTOTAL) values (9,5,1,500,500);
Insert into SYSTEM.MINI_ORDERDETAIL (ORDERID,PRODUCTID,QUANTITY,PRICE,SUBTOTAL) values (9,6,5,100,500);
Insert into SYSTEM.MINI_ORDERDETAIL (ORDERID,PRODUCTID,QUANTITY,PRICE,SUBTOTAL) values (10,1,5,1000,5000);
Insert into SYSTEM.MINI_ORDERDETAIL (ORDERID,PRODUCTID,QUANTITY,PRICE,SUBTOTAL) values (7,1,15,1000,15000);
Insert into SYSTEM.MINI_ORDERDETAIL (ORDERID,PRODUCTID,QUANTITY,PRICE,SUBTOTAL) values (7,2,5,1500,7500);
Insert into SYSTEM.MINI_ORDERDETAIL (ORDERID,PRODUCTID,QUANTITY,PRICE,SUBTOTAL) values (7,8,10,10,100);
Insert into SYSTEM.MINI_ORDERDETAIL (ORDERID,PRODUCTID,QUANTITY,PRICE,SUBTOTAL) values (8,1,1,1000,1000);
Insert into SYSTEM.MINI_ORDERDETAIL (ORDERID,PRODUCTID,QUANTITY,PRICE,SUBTOTAL) values (11,1,1,1000,1000);
Insert into SYSTEM.MINI_ORDERDETAIL (ORDERID,PRODUCTID,QUANTITY,PRICE,SUBTOTAL) values (15,1,4,1000,4000);
Insert into SYSTEM.MINI_ORDERDETAIL (ORDERID,PRODUCTID,QUANTITY,PRICE,SUBTOTAL) values (21,2,10,1500,15000);
Insert into SYSTEM.MINI_ORDERDETAIL (ORDERID,PRODUCTID,QUANTITY,PRICE,SUBTOTAL) values (19,1,5,1000,5000);
Insert into SYSTEM.MINI_ORDERDETAIL (ORDERID,PRODUCTID,QUANTITY,PRICE,SUBTOTAL) values (20,8,6,10,60);
Insert into SYSTEM.MINI_ORDERDETAIL (ORDERID,PRODUCTID,QUANTITY,PRICE,SUBTOTAL) values (21,22,4,1000,4000);
Insert into SYSTEM.MINI_ORDERDETAIL (ORDERID,PRODUCTID,QUANTITY,PRICE,SUBTOTAL) values (22,3,11,1200,13200);
Insert into SYSTEM.MINI_ORDERDETAIL (ORDERID,PRODUCTID,QUANTITY,PRICE,SUBTOTAL) values (23,1,1,1000,1000);
Insert into SYSTEM.MINI_ORDERDETAIL (ORDERID,PRODUCTID,QUANTITY,PRICE,SUBTOTAL) values (23,6,4,100,400);
Insert into SYSTEM.MINI_ORDERDETAIL (ORDERID,PRODUCTID,QUANTITY,PRICE,SUBTOTAL) values (24,4,2,1100,2200);
Insert into SYSTEM.MINI_ORDERDETAIL (ORDERID,PRODUCTID,QUANTITY,PRICE,SUBTOTAL) values (25,1,7,1000,7000);
Insert into SYSTEM.MINI_ORDERDETAIL (ORDERID,PRODUCTID,QUANTITY,PRICE,SUBTOTAL) values (26,1,1,1000,1000);
Insert into SYSTEM.MINI_ORDERDETAIL (ORDERID,PRODUCTID,QUANTITY,PRICE,SUBTOTAL) values (27,2,5,1500,7500);
Insert into SYSTEM.MINI_ORDERDETAIL (ORDERID,PRODUCTID,QUANTITY,PRICE,SUBTOTAL) values (27,22,5,1000,5000);
REM INSERTING into SYSTEM.MINI_PRODUCT
SET DEFINE OFF;
Insert into SYSTEM.MINI_PRODUCT (PRODUCTID,PRODUCTNAME,PRICE,STOCKQUANTITY) values (22,'Squat Rack',1000,80);
Insert into SYSTEM.MINI_PRODUCT (PRODUCTID,PRODUCTNAME,PRICE,STOCKQUANTITY) values (1,'Treadmill',1000,139);
Insert into SYSTEM.MINI_PRODUCT (PRODUCTID,PRODUCTNAME,PRICE,STOCKQUANTITY) values (2,'Smith Machine',1500,129);
Insert into SYSTEM.MINI_PRODUCT (PRODUCTID,PRODUCTNAME,PRICE,STOCKQUANTITY) values (3,'Dumbbell Set',1200,90);
Insert into SYSTEM.MINI_PRODUCT (PRODUCTID,PRODUCTNAME,PRICE,STOCKQUANTITY) values (4,'Elliptical Trainer',1100,100);
Insert into SYSTEM.MINI_PRODUCT (PRODUCTID,PRODUCTNAME,PRICE,STOCKQUANTITY) values (5,'Bench Press Set',500,102);
Insert into SYSTEM.MINI_PRODUCT (PRODUCTID,PRODUCTNAME,PRICE,STOCKQUANTITY) values (6,'Kettlebell',100,95);
Insert into SYSTEM.MINI_PRODUCT (PRODUCTID,PRODUCTNAME,PRICE,STOCKQUANTITY) values (7,'Foam Roller',20,105);
Insert into SYSTEM.MINI_PRODUCT (PRODUCTID,PRODUCTNAME,PRICE,STOCKQUANTITY) values (8,'Yoga Mat',10,80);
REM INSERTING into SYSTEM.MINI_USER
SET DEFINE OFF;
Insert into SYSTEM.MINI_USER (USERID,USERNAME,PASSWORD,EMAIL,ADDRESS,PHONE,STATUS) values ('user001','user001','password123','dasdasdas@sssss','서울 구로구 부광로 88 201호','010-2222-2222','U');
Insert into SYSTEM.MINI_USER (USERID,USERNAME,PASSWORD,EMAIL,ADDRESS,PHONE,STATUS) values ('admin','admin','admin','admin@gmail.com',null,null,'A');
Insert into SYSTEM.MINI_USER (USERID,USERNAME,PASSWORD,EMAIL,ADDRESS,PHONE,STATUS) values ('user002','hong','123456qwer@@','ljs1990.tj@gmail.com','서울 종로구 팔판길 1-6 101호','010-2222-2222','U');
Insert into SYSTEM.MINI_USER (USERID,USERNAME,PASSWORD,EMAIL,ADDRESS,PHONE,STATUS) values ('fucking','brian','123456qwer@@','dasdasdas@sssss','서울 구로구 부광로 88 101호','010-3333-4444','U');
Insert into SYSTEM.MINI_USER (USERID,USERNAME,PASSWORD,EMAIL,ADDRESS,PHONE,STATUS) values ('hello','hong','123456','ljs1990.tj@gmail.com','경기 성남시 분당구 판교역로2번길 1101호','010-2222-3333','U');
Insert into SYSTEM.MINI_USER (USERID,USERNAME,PASSWORD,EMAIL,ADDRESS,PHONE,STATUS) values ('user005','zzzz','123456qwer@@','dasdasdas@sssss','서울 구로구 부광로 88 101호','010-4444-5555','U');
Insert into SYSTEM.MINI_USER (USERID,USERNAME,PASSWORD,EMAIL,ADDRESS,PHONE,STATUS) values ('user003','zzzz','123456qwer@@','dasdasdas@sssss','서울 구로구 부광로 88 101호','010-4444-5555','U');
Insert into SYSTEM.MINI_USER (USERID,USERNAME,PASSWORD,EMAIL,ADDRESS,PHONE,STATUS) values ('user004','zzzz','123456qwer@@','dasdasdas@sssss','서울 구로구 부광로 88 101호','010-4444-5555','U');
Insert into SYSTEM.MINI_USER (USERID,USERNAME,PASSWORD,EMAIL,ADDRESS,PHONE,STATUS) values ('user006','lee11','123456qwer@@','dasdasdas@sssss','서울 구로구 부광로 88 1506호','010-4444-5555','U');
Insert into SYSTEM.MINI_USER (USERID,USERNAME,PASSWORD,EMAIL,ADDRESS,PHONE,STATUS) values ('user007','007빵','123456qwer@@','dasdasdas@sssss','서울 구로구 부광로 88 2305호','010-7777-7777','U');
--------------------------------------------------------
--  DDL for Index SYS_C007547
--------------------------------------------------------

  CREATE UNIQUE INDEX "SYSTEM"."SYS_C007547" ON "SYSTEM"."MINI_ORDER" ("ORDERID") 
  PCTFREE 10 INITRANS 2 MAXTRANS 255 COMPUTE STATISTICS 
  STORAGE(INITIAL 65536 NEXT 1048576 MINEXTENTS 1 MAXEXTENTS 2147483645
  PCTINCREASE 0 FREELISTS 1 FREELIST GROUPS 1
  BUFFER_POOL DEFAULT FLASH_CACHE DEFAULT CELL_FLASH_CACHE DEFAULT)
  TABLESPACE "SYSTEM" ;
--------------------------------------------------------
--  DDL for Index SYS_C007533
--------------------------------------------------------

  CREATE UNIQUE INDEX "SYSTEM"."SYS_C007533" ON "SYSTEM"."MINI_PRODUCT" ("PRODUCTID") 
  PCTFREE 10 INITRANS 2 MAXTRANS 255 COMPUTE STATISTICS 
  STORAGE(INITIAL 65536 NEXT 1048576 MINEXTENTS 1 MAXEXTENTS 2147483645
  PCTINCREASE 0 FREELISTS 1 FREELIST GROUPS 1
  BUFFER_POOL DEFAULT FLASH_CACHE DEFAULT CELL_FLASH_CACHE DEFAULT)
  TABLESPACE "SYSTEM" ;
--------------------------------------------------------
--  DDL for Index SYS_C007544
--------------------------------------------------------

  CREATE UNIQUE INDEX "SYSTEM"."SYS_C007544" ON "SYSTEM"."MINI_USER" ("USERID") 
  PCTFREE 10 INITRANS 2 MAXTRANS 255 COMPUTE STATISTICS 
  STORAGE(INITIAL 65536 NEXT 1048576 MINEXTENTS 1 MAXEXTENTS 2147483645
  PCTINCREASE 0 FREELISTS 1 FREELIST GROUPS 1
  BUFFER_POOL DEFAULT FLASH_CACHE DEFAULT CELL_FLASH_CACHE DEFAULT)
  TABLESPACE "SYSTEM" ;
--------------------------------------------------------
--  Constraints for Table MINI_CART
--------------------------------------------------------

  ALTER TABLE "SYSTEM"."MINI_CART" MODIFY ("QUANTITY" NOT NULL ENABLE);
  ALTER TABLE "SYSTEM"."MINI_CART" MODIFY ("TOTALAMOUNT" NOT NULL ENABLE);
--------------------------------------------------------
--  Constraints for Table MINI_ORDER
--------------------------------------------------------

  ALTER TABLE "SYSTEM"."MINI_ORDER" MODIFY ("ORDERDATE" NOT NULL ENABLE);
  ALTER TABLE "SYSTEM"."MINI_ORDER" MODIFY ("TOTALAMOUNT" NOT NULL ENABLE);
  ALTER TABLE "SYSTEM"."MINI_ORDER" ADD PRIMARY KEY ("ORDERID")
  USING INDEX PCTFREE 10 INITRANS 2 MAXTRANS 255 COMPUTE STATISTICS 
  STORAGE(INITIAL 65536 NEXT 1048576 MINEXTENTS 1 MAXEXTENTS 2147483645
  PCTINCREASE 0 FREELISTS 1 FREELIST GROUPS 1
  BUFFER_POOL DEFAULT FLASH_CACHE DEFAULT CELL_FLASH_CACHE DEFAULT)
  TABLESPACE "SYSTEM"  ENABLE;
--------------------------------------------------------
--  Constraints for Table MINI_PRODUCT
--------------------------------------------------------

  ALTER TABLE "SYSTEM"."MINI_PRODUCT" MODIFY ("PRODUCTNAME" NOT NULL ENABLE);
  ALTER TABLE "SYSTEM"."MINI_PRODUCT" MODIFY ("PRICE" NOT NULL ENABLE);
  ALTER TABLE "SYSTEM"."MINI_PRODUCT" MODIFY ("STOCKQUANTITY" NOT NULL ENABLE);
  ALTER TABLE "SYSTEM"."MINI_PRODUCT" ADD PRIMARY KEY ("PRODUCTID")
  USING INDEX PCTFREE 10 INITRANS 2 MAXTRANS 255 COMPUTE STATISTICS 
  STORAGE(INITIAL 65536 NEXT 1048576 MINEXTENTS 1 MAXEXTENTS 2147483645
  PCTINCREASE 0 FREELISTS 1 FREELIST GROUPS 1
  BUFFER_POOL DEFAULT FLASH_CACHE DEFAULT CELL_FLASH_CACHE DEFAULT)
  TABLESPACE "SYSTEM"  ENABLE;
--------------------------------------------------------
--  Constraints for Table MINI_USER
--------------------------------------------------------

  ALTER TABLE "SYSTEM"."MINI_USER" MODIFY ("USERNAME" NOT NULL ENABLE);
  ALTER TABLE "SYSTEM"."MINI_USER" MODIFY ("PASSWORD" NOT NULL ENABLE);
  ALTER TABLE "SYSTEM"."MINI_USER" MODIFY ("EMAIL" NOT NULL ENABLE);
  ALTER TABLE "SYSTEM"."MINI_USER" ADD PRIMARY KEY ("USERID")
  USING INDEX PCTFREE 10 INITRANS 2 MAXTRANS 255 COMPUTE STATISTICS 
  STORAGE(INITIAL 65536 NEXT 1048576 MINEXTENTS 1 MAXEXTENTS 2147483645
  PCTINCREASE 0 FREELISTS 1 FREELIST GROUPS 1
  BUFFER_POOL DEFAULT FLASH_CACHE DEFAULT CELL_FLASH_CACHE DEFAULT)
  TABLESPACE "SYSTEM"  ENABLE;
  ALTER TABLE "SYSTEM"."MINI_USER" MODIFY ("STATUS" NOT NULL ENABLE);
--------------------------------------------------------
--  Ref Constraints for Table MINI_CART
--------------------------------------------------------

  ALTER TABLE "SYSTEM"."MINI_CART" ADD FOREIGN KEY ("USERID")
	  REFERENCES "SYSTEM"."MINI_USER" ("USERID") ENABLE;
  ALTER TABLE "SYSTEM"."MINI_CART" ADD FOREIGN KEY ("PRODUCTID")
	  REFERENCES "SYSTEM"."MINI_PRODUCT" ("PRODUCTID") ENABLE;
--------------------------------------------------------
--  Ref Constraints for Table MINI_ORDER
--------------------------------------------------------

  ALTER TABLE "SYSTEM"."MINI_ORDER" ADD FOREIGN KEY ("USERID")
	  REFERENCES "SYSTEM"."MINI_USER" ("USERID") ENABLE;
--------------------------------------------------------
--  Ref Constraints for Table MINI_ORDERDETAIL
--------------------------------------------------------

  ALTER TABLE "SYSTEM"."MINI_ORDERDETAIL" ADD FOREIGN KEY ("ORDERID")
	  REFERENCES "SYSTEM"."MINI_ORDER" ("ORDERID") ENABLE;
  ALTER TABLE "SYSTEM"."MINI_ORDERDETAIL" ADD FOREIGN KEY ("PRODUCTID")
	  REFERENCES "SYSTEM"."MINI_PRODUCT" ("PRODUCTID") ENABLE;
